-- phpMyAdmin SQL Dump
-- version 4.2.5
-- http://www.phpmyadmin.net
--
-- Host: localhost:3306
-- Generation Time: Oct 11, 2015 at 07:50 AM
-- Server version: 5.1.73
-- PHP Version: 5.5.21

SET SQL_MODE = "NO_AUTO_VALUE_ON_ZERO";
SET time_zone = "+00:00";


/*!40101 SET @OLD_CHARACTER_SET_CLIENT=@@CHARACTER_SET_CLIENT */;
/*!40101 SET @OLD_CHARACTER_SET_RESULTS=@@CHARACTER_SET_RESULTS */;
/*!40101 SET @OLD_COLLATION_CONNECTION=@@COLLATION_CONNECTION */;
/*!40101 SET NAMES utf8 */;

--
-- Database: `art_db`
--

-- --------------------------------------------------------

--
-- Table structure for table `indexes`
--

CREATE TABLE IF NOT EXISTS `indexes` (
  `LessonNo` int(11) NOT NULL,
  `LessonIndex` varchar(500) COLLATE utf8_unicode_ci NOT NULL
) ENGINE=MyISAM DEFAULT CHARSET=utf8 COLLATE=utf8_unicode_ci;

--
-- Dumping data for table `indexes`
--

INSERT INTO `indexes` (`LessonNo`, `LessonIndex`) VALUES
(1, 'การวาดภาพ'),
(2, 'รูปร่างรูปทรง'),
(3, 'สี'),
(4, 'การระบายสี'),
(5, 'แสงและเงา'),
(6, 'ทัศนศิลป์ในประเพณีและวัฒนธรรม'),
(7, 'การปะติด');

-- --------------------------------------------------------

--
-- Table structure for table `info`
--

CREATE TABLE IF NOT EXISTS `info` (
  `InfoNo` int(11) NOT NULL,
  `Info` varchar(1000) NOT NULL
) ENGINE=MyISAM DEFAULT CHARSET=utf8;

--
-- Dumping data for table `info`
--

INSERT INTO `info` (`InfoNo`, `Info`) VALUES
(1, 'ให้นักเรียนทำแบบฝึกหัดบทที่ 1-3'),
(2, 'ให้นักเรียนศึกษาบทที่ 3-4'),
(3, 'วันศุกร์ให้นักเรียนทุกคนนำพู่กันและจานสีมาด้วย'),
(4, 'วันจันทร์หน้าจะมีการสอบย่อยโปรดเตรียมตัวให้พร้อม'),
(5, 'งานปั้นดินน้ำมัน ครูตรวจเสร็จแล้วมารับคืนด้วย');

-- --------------------------------------------------------

--
-- Table structure for table `lessons`
--

CREATE TABLE IF NOT EXISTS `lessons` (
  `LessonNo` int(11) NOT NULL,
  `LessonName` varchar(60) COLLATE utf8_unicode_ci NOT NULL
) ENGINE=MyISAM DEFAULT CHARSET=utf8 COLLATE=utf8_unicode_ci;

--
-- Dumping data for table `lessons`
--

INSERT INTO `lessons` (`LessonNo`, `LessonName`) VALUES
(1, 'การวาดภาพ'),
(2, 'รูปร่างรูปทรง'),
(3, 'สี'),
(4, 'การระบายสี'),
(5, 'แสงเงา'),
(6, 'ทัศนศิลป์ในประเพณีและวัฒนธรรม'),
(7, 'การปะติด');

-- --------------------------------------------------------

--
-- Table structure for table `quizes`
--

CREATE TABLE IF NOT EXISTS `quizes` (
  `LessonNo` int(11) NOT NULL,
  `QuizNo` int(11) NOT NULL,
  `Question` varchar(200) COLLATE utf8_unicode_ci NOT NULL,
  `Ans1` varchar(100) COLLATE utf8_unicode_ci NOT NULL,
  `Ans2` varchar(100) COLLATE utf8_unicode_ci NOT NULL,
  `Ans3` varchar(100) COLLATE utf8_unicode_ci NOT NULL,
  `Ans4` varchar(100) COLLATE utf8_unicode_ci NOT NULL,
  `Truth` int(11) NOT NULL
) ENGINE=MyISAM DEFAULT CHARSET=utf8 COLLATE=utf8_unicode_ci;

--
-- Dumping data for table `quizes`
--

INSERT INTO `quizes` (`LessonNo`, `QuizNo`, `Question`, `Ans1`, `Ans2`, `Ans3`, `Ans4`, `Truth`) VALUES
(2, 1, 'ข้อใดคือลักษณะของรูปร่าง', 'มีลักษณะเป็น 2 มิติ สามารถมองเห็นได้ 2 ด้าน คือ ด้านกว้างและด้านยาว', 'มีลักษณะเป็น 3 มิติ มีความสูง ความหนา ความลึก สามารถมองเห็นได้รอบทิศทาง', 'สามารถมองเห็นได้รอบด้าน', 'สามารถมองเห็นได้เพียงด้านกว้างเท่านั้น', 1),
(2, 6, 'รูปร่างแบ่งออกเป็นกี่ลักษณะ ได้แก่อะไรบ้าง', '2 ลักษณะ คือ รูปร่างธรรมชาติ รูปร่างเรขาคณิต', '3 ลักษณะ คือ รูปร่างธรรมชาติ รูปร่างเรขาคณิต รูปร่างอิสระ', '4 ลักษณะ คือ รูปร่างธรรมชาติ รูปร่างเรขาคณิต รูปร่างอิสระ รูปร่าง 3 มิติ', 'ไม่มีข้อถูก ', 2),
(2, 2, 'ข้อใดคือรูปร่างธรรมชาติ', 'รูปสัตว์ รูปต้นไม้', 'รูปวงกลม รูปสามเหลี่ยม', 'รูปพีระมิด รูปกรวย', 'รูปร่างถุงเท้า รูปร่างเสื้อผ้า', 1),
(2, 3, 'ข้อใดคือรูปร่างเรขาคณิต', 'รูปสัตว์ รูปต้นไม้', 'รูปวงกลม รูปสามเหลี่ยม', 'รูปร่างกระโปรง รูปร่างเสื้อ', 'รูปทรงสามเหลี่ยม รูปทรงสี่เหลี่ยม', 2),
(2, 4, 'ข้อใดคือรูปร่างอิสระ', 'รูปคน รูปต้นไม้', 'รูปวงกลม รูปสามเหลี่ยม', 'รูปทรงกระบอก รูปทรงกรวย', 'รูปร่างถุงเท้า รูปร่างเสื้อผ้า', 4),
(2, 5, 'ข้อใดคือ ลักษณะของรูปทรง', 'มีลักษณะเป็นรูปร่างอิสระ', 'มีลักษณะเป็น 2 มิติ มีความกว้างและความลึก', 'มีลักษณะเป็น 2 มิติ มีความกว้างและความยาว', 'มีลักษณะเป็น 3 มิติ มีความสูง ความหนา และความลึก สามารถมองเห็นได้รอบทิศทาง', 4),
(2, 7, 'ข้อใดต่อไปนี้คือ รูปร่าง', 'รูปวงกลม', 'รูปทรงสามเหลี่ยม', 'รูปทรงสี่เหลี่ยม', 'รูปทรงกระบอก', 1),
(2, 8, 'ข้อใดต่อไปนี้คือ รูปทรง', 'รูปสัตว์', 'รูปร่างเสื้อผ้า', 'กระป๋องน้ำอัดลม', 'รูปคน', 3),
(2, 9, 'พื้นผิวที่เรียบ ขัดมัน ให้ความรู้สึกอย่างไร', 'เคลื่อนไหว อ่อนโยน', 'สะอาด ราบเรียบ', 'ไม่สม่ำเสมอ ขัดแย้ง', 'เฉียบคม อันตราย', 2),
(2, 10, 'พื้นผิวขรุขระให้ความรู้สึกอย่างไร', 'ไม่สม่ำเสมอ ขัดแย้ง', 'สะอาด ราบเรียบ', 'อ่อนโยน อ่อนนุ่ม', 'เฉียบคม อันตราย', 1),
(1, 1, 'ข้อใดคือขั้นตอนแรกของการวาดภาพ', 'ใส่รายละเอียดของภาพ', 'ระบายสี', 'เขียนขอบเส้นของภาพให้มีความคมชัด', 'สังเกตลักษณะและร่างภาพที่ต้องการจะวาด', 4),
(1, 2, 'ในการใส่รายละเอียดของภาพ เราควรเริ่มต้นจากจุดหรือบริเวณใดก่อน', 'เริ่มต้นจากจุดหรือบริเวณรายละเอียดของภาพที่มีขนาดใหญ่ ไปสู่จุดหรือบริเวณของภาพที่มีขนาดเล็ก', 'เริ่มต้นจากจุดหรือบริเวณรายละเอียดของภาพที่มีขนาดเล็ก ไปสู่จุดหรือบริเวณของภาพที่มีขนาดใหญ่', 'เริ่มต้นจากจุดหรือบริเวณรายละเอียดของภาพที่มีขนาดใหญ่เท่านั้น', 'เริ่มต้นจากจุดหรือบริเวณรายละเอียดของภาพที่มีขนาดเล็กเท่านั้น', 1),
(1, 3, 'ข้อใดคือขั้นตอนสุดท้ายของการร่างภาพ', 'สังเกตลักษณะของแบบที่จะร่าง', 'ร่างภาพโครงสร้างและสัดส่วนของภาพ', 'กำหนดจุดที่สูงที่สุดและจุดที่ต่ำที่สุดของแบบที่จะวาด', 'แรงเงาน้ำหนักหรือระบายสีภาพร่างพร้อมทั้งเก็บรายละเอียดต่างๆทั้งหมดของภาพ', 4),
(1, 4, 'ข้อใดต่อไปนี้ ไม่ใช่ คุณสมบัติและหน้าที่ของเส้น', 'ใช้ในการสร้างภาพหรือวาดภาพ', 'ใช้สำหรับแบ่งพื้นที่หรือที่ว่างให้แยกออกจากกัน', 'ใช้ในการระบายสีภาพ ให้ภาพเป็นสีของวรรณะสีอุ่น', 'ใช้สร้างความเป็น 2 มิติและ 3 มิติให้แก่รูปทรง ให้เป็นรูปในระยะ ตื้น ลึก หนา บาง', 3),
(1, 5, 'เส้นตั้งและเส้นดิ่ง ให้ความรู้สึกอย่างไร', 'อันตราย การเคลื่อนไหวอย่างมีพลัง', 'อ่อนโยน นุ่มนวล', 'มั่นคง แข็งแรง', 'อ่อนช้อย ลื่นไหล', 3),
(1, 6, 'เส้นนอนและเส้นขนาน ให้ความรู้สึกอย่างไร', 'ความสงบ ความราบรื่น ความเรียบง่าย', 'ความเคลื่อนไหว อ่อนช้อย', 'โอนเอน โอนอ่อนผ่อนตาม', 'อันตราย การเคลื่อนไหวอย่างมีพลัง', 1),
(1, 7, 'เส้นหยักและเส้นซิกแซ็ก ให้ความรู้สึกอย่างไร', 'ความมั่นคงถาวร ไม่เคลื่อนไหว คงอยู่ตลอด', 'ความแหลมคม อันตราย การเคลื่อนไหวที่มีพลังอย่างต่อเนื่อง ขึ้นๆ ลงๆ', 'ไม่มั่นคง โอนเอน ความไม่สมดุล', 'อ่อนโยน อ่อนน้อม นุ่มนวล', 2),
(1, 8, 'เส้นโค้ง ให้ความรู้สึกอย่างไร', 'ความมั่นคงถาวร ไม่เคลื่อนไหว คงอยู่ตลอด', 'ความแหลมคม อันตราย การเคลื่อนไหวที่มีพลังอย่างต่อเนื่อง ขึ้นๆ ลงๆ', 'อ่อนโยน อ่อนน้อม นุ่มนวล', 'ความสงบ ความราบรื่น ความเรียบง่าย', 3),
(1, 9, 'เส้นคด ให้ความรู้สึกอย่างไร', 'เลื่อนไหล ต่อเนื่อง เคลื่อนไหวอย่างอ่อนช้อย ', 'ความแหลมคม อันตราย การเคลื่อนไหวที่มีพลังอย่างต่อเนื่อง ขึ้นๆ ลงๆ', 'มั่นคง แข็งแรง', 'ความสงบ ความราบรื่น ความเรียบง่าย', 1),
(1, 10, 'เส้นเฉียง ให้ความรู้สึกอย่างไร', 'เลื่อนไหล ต่อเนื่อง เคลื่อนไหวอย่างอ่อนช้อย', 'ความมั่นคง สง่า แข็งแรง', 'ไม่มั่นคง โอนเอน ความไม่สมดุล', 'อ่อนโยน อ่อนน้อม นุ่มนวล', 3),
(3, 1, 'แม่สีที่ใช้ในงานศิลปะ ได้แก่สีอะไรบ้าง', '3 สี คือ สีน้ำเงิน สีม่วง สีขาว', '3 สี คือ สีชมพู สีเหลือง สีเขียว', '3 สี คือ สีแดง สีเหลือง  สีน้ำเงิน', '3 สี คือ สีแดง สีเขียว สีฟ้า', 3),
(3, 2, 'เมื่อนำ สีแดง มาผสมกับ สีเหลือง จะได้สีอะไร', 'สีม่วง', 'สีน้ำเงิน', 'สีแดง', 'สีส้ม', 4),
(3, 3, 'เมื่อนำ สีแดง มาผสมกับ สีน้ำเงิน จะได้สีอะไร', 'สีม่วง', 'สีฟ้า', 'สีส้ม', 'สีแดง', 1),
(3, 4, 'เมื่อนำ สีเหลือง มาผสมกับ สีน้ำเงิน จะได้สีอะไร', 'สีฟ้า', 'สีแดง', 'สีม่วง', 'สีเขียว', 4),
(3, 5, 'แม่สีมีกี่ชนิด ได้แก่ชนิดอะไรบ้าง', '1 ชนิด คือ แม่สีของแสง', '2 ชนิด คือ แม่สีของแสง แม่สีวัตถุ', '3 ชนิด คือ แม่สีของแสง แม่สีวัตถุ แม่สีหลัก', '4 ชนิด คือ แม่สีของแสง แม่สีวัตถุ แม่สีหลัก แม่สีรอง', 2),
(3, 6, 'สีขั้นที่1 ของแม่สีได้แก่สีอะไรบ้าง', 'สีแดง สีเหลือง สีน้ำเงิน', 'สีขาว สีแดง สีดำ', 'สีม่วง สีเหลือง สีเขียว', 'สีเหลือง สีขาว สีเขียว', 1),
(3, 7, 'สีขั้นที่ 2 ของแม่สีได้แก่สีอะไรบ้าง', 'สีฟ้า สีเขียว สีเหลือง ', 'สีม่วง สีเขียว สีขาว', 'สีส้ม สีแดง สีชมพู', 'สีส้ม สีม่วง สีเขียว', 4),
(3, 8, 'สีขั้นที่ 3 คือ สีที่เกิดจากสีขั้นที่ 1 ผสมกับสีขั้นที่ 2 ในอัตราส่วนที่เท่ากัน จะได้สีอื่นอีกกี่สี', '6 สี', '7 สี', '8 สี', '9 สี', 1),
(3, 9, 'วรรณะของสีประกอบด้วยกี่วรรณะอะไรบ้าง', '1 วรรณะ คือ วรรณะสีเย็น', '2 วรรณะ คือ วรรณะสีอุ่น วรรณะสีเย็น ', '3 วรรณะ คือ วรรณะสีอุ่น วรรณะสีเย็น วรรณะสีเข้ม', '4 วรรณะ คือ วรรณะสีอุ่น วรรณะสีเย็น วรรณะสีเข้ม วรรณะสีอ่อน', 2),
(3, 10, 'วรรณะสีอุ่นให้ความรู้สึกอย่างไร', 'สงบ หนักแน่น มั่นคง', 'เศร้าสลด เสียใจ', 'เงียบขรึม น่าเกรงขาม', 'ให้ความรู้สึกสว่าง สดใส', 4),
(4, 1, 'สีชนิดใดต่อไปนี้ เหมาะสำหรับผู้ที่เริ่มต้นฝึกระบายสี', 'สีไม้', 'สีเทียนน้ำมัน', 'สีน้ำ', 'สีโปสเตอร์', 1),
(4, 2, 'ข้อใด คือข้อดี ของการระบายสีไม้', 'ผู้ใช้ต้องมีความชำนาญในการระบายสี', 'ระบายสีได้สม่ำเสมอ', 'เป็นสีที่มีส่วนผสมของขี้ขึ้งหรือน้ำมัน ทำให้มีความลื่นในการใช้สี', 'สามารถควบคุมพื้นที่ในการระบายสีได้ดีกว่าสีอื่นๆ', 4),
(4, 3, 'ข้อใดคือ ข้อเสีย ของการระบายสีไม้', 'มีความยุ่งยากในการระบายสีเพราะต้องมีอุปกรณ์อย่างอื่นร่วมกับการระบายด้วย เช่น พู่กัน น้ำ', 'ระบายสีไม่สม่ำเสมอ', 'อาจมีความยุ่งยากและเลอะเทอะในระหว่างระบายสี', 'ไม่สามารถระบายสีให้มีความละเอียด เรียบ ที่เหมือนจริงได้', 2),
(4, 4, 'เพราะเหตุใด การใช้สีเทียนน้ำมันในการระบายสีจึงมีความลื่นในการระบายสี', 'เพราะเหลาสีให้แหลมก่อนการระบาย', 'เพราะต้องใช้พู่กันจุ่มน้ำร่วมกับสีในการระบายสี', 'เพราะสีส่วนผสมของขี้ผึ้งหรือน้ำมัน', 'เพราะเป็นสีที่ควบคุมการระบายได้ง่ายกว่าสีอื่นๆ', 3),
(4, 5, 'การใช้สีเทียนในการระบายสีเหมาะกับภาพที่ต้องการให้ผลงานออกมาเป็นอย่างไร', 'ภาพที่ต้องการจะแสดงออกถึง ความมีชีวิตชีวา สีสันสดใส ', 'ภาพที่ต้องการจะแสดงถึง ความละเอียด เนียนเรียบ', 'ภาพที่ต้องการความโปร่งแสง สบายตา', 'ภาพที่ต้องการความเหมือนจริงมากที่สุด', 1),
(4, 6, 'ข้อเสียของการระบายสีด้วยสีเทียนน้ำมันคืออะไร', 'ระบายสีไม่สม่ำเสมอ', 'เมื่อระบายสีแล้วทำให้ภาพไม่มีชีวิตชีวา', 'ทำให้ภาพมีความโปร่งแสง', 'ไม่สามารถระบายสีภาพให้มีความละเอียดที่เหมือนจริงได้', 4),
(4, 7, 'กระดาษชนิดใดที่ใช้ในการระบายสีด้วยสีเทียนน้ำมัน', 'กระดาษผิวเรียบ เช่น กระดาษถ่ายเอกสาร กระดาษ A4 ', 'กระดาษผิวหยาบ เพื่อให้ผิวกระดาษที่ขรุขระสามารถรองรับเนื้อสีไว้ได้ เช่น กระดาษร้อยปอนด์', 'กระดาษผิวมัน บาง  เช่น กระดาษแก้ว', 'กระดาษที่เรียบเนียนและมีลวดลายต่างๆ เช่น กระดาษห่อของขวัญ', 2),
(4, 8, 'ข้อใดกล่าวถูกต้องเกี่ยวกับสีน้ำ', 'สีน้ำเป็นสีที่มีลักษณะโปร่งแสง ไม่ทึบเหมือนสีไม้และสีเทียนน้ำมัน', 'สีน้ำเป็นสีที่เหมาะสมที่สุดสำหรับผู้ที่เริ่มต้นฝึกวาดภาพ ระบายสี', 'สีน้ำเป็นสีที่สามารถควบคุมพื้นที่ในการระบายสีได้ง่าย', 'สีน้ำเป็นสีที่มีส่วนผสมของขี้ผึ้งหรือน้ำมัน', 1),
(4, 9, 'บุคคลใดต่อไปนี้ เหมาะสมที่สุดในการใช้สีน้ำในการระบายสี', 'ผู้ที่เริ่มฝึกระบายสี', 'นักปั้น ', 'ผู้ที่มีความชำนาญและเชี่ยวชาญในการระบายสีน้ำ', 'นักเรียนชั้นอนุบาล', 3),
(4, 10, 'ข้อใดคือ ข้อเสียของการใช้สีน้ำในการระบายสี', 'ทำให้ผู้ใช้ควบคุมการระบายสีได้ยาก อาจมีความยุ่งยากหรือเลอะเทอะในการใช้', 'ระบายสีไม่สม่ำเสมอ', 'ระบายสีไม่เรียบเนียน', 'ระบายสีไม่ละเอียด เหมือนภาพจริง', 1),
(5, 1, 'แสงแบ่งเป็นกี่ประเภท', '1 ประเภท คือ แสงจากธรรมชาติ', '2 ประเภท คือ แสงจากธรรมชาติ แสงที่มนุษย์ประดิษฐ์ขึ้น', '3 ประเภท คือ แสงจากธรรมชาติ แสงที่มนุษย์ประดิษฐ์ขึ้น แสงตกกระทบ', '4 ประเภท คือ แสงจากธรรมชาติ แสงที่มนุษย์ประดิษฐ์ขึ้น แสงตกกระทบ แสงเชิงมุม', 2),
(5, 2, 'เงามีกี่ลักษณะ', '1 ประเภท คือ เงาในตัวเอง', '2 ประเภท คือ เงาในตัวเอง เงาตกทอด', '3 ประเภท คือ เงาในตัวเอง เงาตกทอด เงาธรรมชาติ', '4 ประเภท คือ เงาในตัวเอง เงาตกทอด เงาธรรมชาติ เงาที่มนุษย์สร้างขึ้น', 2),
(5, 3, 'แสงชนิดใดเป็นแสงจากธรรมชาติ', 'แสงจากดวงอาทิตย์', 'แสงจากดวงจันทร์', 'แสงจากหลอดไฟในบ้าน', 'ถูกทุกข้อ', 3),
(5, 4, 'แสงชนิดใดเป็นแสงที่มนุษย์ประดิษฐ์ขึ้น', 'แสงจากหลอดไฟ', 'แสงจากดวงจันทร์', 'แสงจากหิ่งห้อย', 'แสงจากฟ้าผ่า', 1),
(5, 5, 'แสงจากไฟหน้ารถยนต์เป็นแสงชนิดใด', 'แสงจากธรรมชาติ', 'แสงที่มนุษย์ประดิษฐ์ขึ้น', 'แสงจากกระบวนการทางเคมี', 'ไม่มีข้อถูก', 2),
(5, 6, 'ข้อใดไม่ใช่ลักษณะของแสงเงาที่ใช้ในการวาดเขียน', 'แสงสว่างที่สุด', 'แสงสว่าง ', 'แสงจากสิ่งแวดล้อม', 'แสงสะท้อน', 3),
(5, 7, 'ค่าน้ำหนักของแสงและเงาที่เกิดบนวัตถุในบริเวณแสงสว่างจัด  ', 'เป็นบริเวณที่อยู่ใกล้แหล่งกำเนิดแสงมากที่สุด   จะมี ความสว่างมากที่สุด ในวัตถุที่มีผิวมันวาวจะสะท้อน', 'เป็นบริเวณที่ได้รับแสงสว่าง รองลงมาจากบริเวณแสงสว่างจัด เนื่องจากอยู่ห่างจากแหล่งกำเนิดแสงออกมา', 'เป็นบริเวณที่อยู่ห่างจากแหล่งกำเนิดแสงมากที่สุด หรือ เป็นบริเวณที่ถูกบดบังมาก ๆ หลาย ๆ ชั้น', 'เป็นบริเวณของพื้นหลังที่เงาของวัตถุทาบลงไป เป็นบริเวณเงาที่อยู่ ภายนอกวัตถุ และจะมีความเข้มของค่าน้ำ', 1),
(5, 8, 'ความสำคัญของค่าน้ำหนัก ข้อใดถูกต้อง', 'ให้ความแตกต่างระหว่างรูปและพื้น หรือรูปทรงกับที่ว่าง ', 'ให้ความรู้สึกเคลื่อนไหว ', 'ทำให้เกิดระยะความตื้น - ลึก และระยะใกล้ - ไกลของภาพ ', 'ถูกทุกข้อ', 4),
(5, 9, 'รถยนต์วิ่งมาแล้วเกิดเงาบนทางเท้า เงาชนิดนี้เป็นเงาชนิดใด', 'เงาในตัวเอง', 'เงาตกทอด', 'เงาบนวัตถุ', 'เงากดทับ', 2),
(5, 10, 'ลักษณะของแสงเงาที่ใช้ในการวาดเขียนแบ่งออกเป็นกี่ค่า', '3 ค่า คือ แสงสว่างที่สุด แสงสว่าง แสงสะท้อน', '4 ค่า คือ แสงสว่างที่สุด แสงสว่าง แสงสะท้อน เงา', '5 ค่า คือ แสงสว่างที่สุด แสงสว่าง แสงสะท้อน เงา เงามืด ', '6 ค่า คือ แสงสว่างที่สุด แสงสว่าง แสงสะท้อน เงา เงามืด เงาตกทอด ', 4),
(6, 1, 'จิตรกรรมคืองานประเภทใด', 'งานศิลปะที่ผ่านการวาด', 'งานศิลปะที่ผ่านการปั้น', 'งานศิลปะตามธรรมชาติ', 'งานศิลปะที่สร้างมาได้โดยบังเอิญ', 1),
(6, 2, 'ศิลปะเรื่องใดเป็นศิลปะของภาคใต้', 'รำมโนราห์', 'ฟ้อนเล็บ', 'ผีตาโขน', 'หมอรำ', 1),
(6, 3, 'พระพุทธรูปจัดเป็นศิลปะแบบใด', 'จิตรกรรม', 'สถาปัตยกรรม', 'ประติมากรรม', 'หัตถกรรม', 3),
(6, 4, 'งานหัตถกรรมใดถือเป็นการอนุรักษ์วัฒนธรรมไทย', 'ผ้าไหมทอมือ', 'ตุ๊กตาชาววังหมู่บ้านบางเสด็จ', 'ตุ๊กตามวยไทยศิลปะการต่อ', 'ถูกทุกข้อ', 4),
(6, 5, 'ข้อใดคืองานเครื่องหนังที่ถือเป็นศิลปะของภาคใต้', 'ตัวหนังตะลุง และตัวหนังใหญ่', 'หน้ากากผีตาโขน หน้ากากผีตามงานวัด', 'กระเป๋าหนังจระเข้ กระเป๋าหนังงู', 'ถูกทุกข้อ', 1),
(7, 1, 'วัสดุที่ใช้ในงานปะติดคือวัสดุประเภทใด', 'วัสดุจากธรรมชาติ', 'วัสดุทางอุตสาหกรรม', 'วัสดุทุกประเภท', 'ไม่มีข้อถูก', 3),
(7, 2, 'ภาพปะติดส่วนมากเป็นงานกี่มิติ', '2 มิติ', '3 มิติ', 'เป็นได้ทั้ง 2 มิติ และ 3 มิติ', 'ไม่มีข้อถูก', 1),
(7, 3, 'กระดุมเมื่อไม่ใช้แล้วเป็นเศษวัสดุประเภทใด', 'เศษวัสดุธรรมชาติ', 'เศษวัสดุสังเคราะห์', 'เศษวัสดุมีพิษ', 'ไม่มีข้อถูก', 2),
(6, 6, 'เราจะช่วยเผยแพร่และอนุรักษ์ศิลปวัฒนธรรมไทยของเราได้อย่างไร', 'ชวนเพื่อนๆไปเที่ยวตามแหล่งวัฒนธรรม', 'โพสต์ข้อมูลสถานที่ท่องเที่ยวของไทยใน Facebook', 'ชวนคนต่างชาติคุยเรื่องสถานที่ท่องเที่ยวในประเทศไทย', 'ถูกทุกข้อ', 4),
(7, 4, 'ถ้านักเรียนต้องการทำศิลปะการปะติดในแนวธรรมชาติ นักเรียนจะเลือกวัสดุจากข้อใด', 'ใบไม้ กิ่งไม้ ตะเกียบ', 'กระดุมพลาสติก ฝาน้ำอัดลม', 'เส้นเอ็น เบ็ดตกปลา', 'ไม้หนีบผ้า หนังยาง', 1),
(7, 5, 'ใบไม้ที่หล่นลงมาจากต้นไม้เป็นเศษวัสดุประเภทใด', 'เศษวัสดุธรรมชาติ', 'เศษวัสดุสังเคราะห์', 'เศษวัสดุมีพิษ', 'ไม่มีข้อถูก', 1),
(6, 7, 'การกระทำใดทำลายศิลปวัฒนธรรมอันดีงามของไทย', 'ไหว้พระพุทธรูปประจำโรงเรียน', 'ถวายสิ่งของสักการะพระพุทธรูปประจำโรงเรียน', 'นั่งตักพระพุทธรูปประจำโรงเรียน', 'สรงน้ำพระพุทธรูปประจำโรงเรียนในช่วงเทศกาลสำคัญ', 3),
(6, 8, 'นักเรียนจะนำประโยชน์จากการศึกษาเรื่องทัศนศิลป์ในประเพณีและวัฒนธรรมมาใช้ได้อย่างไร', 'นำความรู้ที่ได้รับไปหารายได้เสริม โดยเป็นมัคคุเทศก์ชุมชน', 'เผยแพร่ความรู้ให้กับทุกคนในครอบครัวเพื่อให้รักในศิลปะและวัฒนธรรมไทยมากขึ้น', 'ถูกทั้ง 2 ข้อ', 'ผิดทั้ง 2 ข้อ', 3),
(6, 9, 'เครื่องจักสานถือเป็นงานศิลปะในรูปแบบใด', 'หัตถกรรม', 'จิตรกรรม', 'ประติมากรรม', 'ถูกทุกข้อ', 1),
(6, 10, 'พระพุทธสิหิงค์ถือเป็นงานศิลปะประเภทใด', 'จิตรกรรม', 'หัตถกรรม', 'ประติมากรรม', 'ไม่มีข้อถูก', 3),
(7, 6, 'นักเรียนจะสามารถนำความรู้เรื่องการปะติดไปใช้ประโยชน์ได้อย่างไร', 'หารายได้โดยปะติดภาพให้สวยงามแล้วนำออกขาย', 'ปะติดภาพของเพื่อนและให้ในวันเกิด', 'จัดบอร์ดกิจกรรมในห้องเรียนโดยใช้ศิลปะภาพปะติด', 'ถูกทุกข้อ', 4),
(7, 7, 'กระดุมเสื้อนักเรียนหากนำมาใช้ในการปะติดจะถือเป็นเศษวัสดุประเภทใด', 'เศษวัสดุธรรมชาติ', 'เศษวัสดุสังเคราะห์', 'เศษวัสดุมีพิษ', 'ไม่มีข้อถูก', 2),
(7, 8, 'ข้อใดคือเศษวัสดุธรรมชาติทั้งคู่', 'เข็มหมุด ก้อนกรวด', 'เข็มหมุด กระดุม ', 'ฝาขวดน้ำอัดลม ฝาขวดน้ำดื่ม', 'เศษใบไม้ เมล็ดข้าวสาร', 4),
(7, 9, 'ฝาขวดน้ำอัดลมสามารถนำมาใช้ในการประติดได้หรือไม่', 'ได้ เพราะถือเป็นเศษวัสดุธรรมชาติ', 'ได้ เพราะถือเป็นเศษวัสดุอุตสาหกรรม', 'ไม่ได้เพราะเป็นเศษวัสดุอันตราย', 'ไม่ได้เพราะเป็นเศษขยะในครัวเรือน', 2),
(7, 10, 'เศษวัสดุหมายถึงอะไร', 'ของที่กำลังใช้อยู่ แต่ต้องตัดใจนำมาใช้ทำงานประดิษฐ์', 'ของที่กำลังใช้อยู่ แต่ถูกเพื่อนซื้อต่อเพื่อนำมาใช้ทำงานประดิษฐ์', 'ของที่ไม่ได้ใช้แล้วแต่อยากทำให้มีค่า', 'ของที่ไม่ได้ใช้แล้วแต่และอยากทิ้งลงถังขยะ', 3);

-- --------------------------------------------------------

--
-- Table structure for table `users`
--

CREATE TABLE IF NOT EXISTS `users` (
  `Username` varchar(12) NOT NULL,
  `Password` varchar(12) NOT NULL
) ENGINE=MyISAM DEFAULT CHARSET=utf8;

--
-- Dumping data for table `users`
--

INSERT INTO `users` (`Username`, `Password`) VALUES
('admin', 'xC77Byte');

-- --------------------------------------------------------

--
-- Table structure for table `videos`
--

CREATE TABLE IF NOT EXISTS `videos` (
  `VideoNo` int(11) NOT NULL,
  `VideoName` varchar(100) NOT NULL,
  `VideoLink` varchar(1000) NOT NULL
) ENGINE=MyISAM DEFAULT CHARSET=utf8;

--
-- Dumping data for table `videos`
--

INSERT INTO `videos` (`VideoNo`, `VideoName`, `VideoLink`) VALUES
(1, 'ศิลปะการวาดและระบายสีน้ำ', 'http://www.youtube.com/watch?v=b4-O1TpBIh0'),
(2, 'ศิลปะการวาดภาพ', 'https://www.youtube.com/watch?v=WpkwU1iLIYc'),
(3, 'ความงามบนผืนทราย', 'http://www.youtube.com/watch?v=oHzw4TsAnQg'),
(4, 'Mona Lisa', 'http://www.youtube.com/watch?v=IitbJszd1kM');

--
-- Indexes for dumped tables
--

--
-- Indexes for table `lessons`
--
ALTER TABLE `lessons`
 ADD PRIMARY KEY (`LessonNo`);

/*!40101 SET CHARACTER_SET_CLIENT=@OLD_CHARACTER_SET_CLIENT */;
/*!40101 SET CHARACTER_SET_RESULTS=@OLD_CHARACTER_SET_RESULTS */;
/*!40101 SET COLLATION_CONNECTION=@OLD_COLLATION_CONNECTION */;
